id,name,startDate,endDate,type,postalCode,location,rules,distance
3598,Tournoi de Clermont Ferrand - Open des volcans 2026,2026-10-24T00:00:00,2026-10-25T00:00:00,B,63122,Ceyrat,https://apiv2.fftt.com/api/files/637866/Reglement Challenge Open des Volcans 2026.pdf,
3599,TOURNOI NATIONAL B DE PONTOISE CERGY TENNIS DE TABLE,2026-10-24T00:00:00,2026-10-25T00:00:00,B,95300,PONTOISE,https://apiv2.fftt.com/api/files/641290/REGLEMENT TOURNOI PONTOISE 29.06.2026v3.pdf,
3602,Tournoi national A - TROYES O.S - NOËS - Édition 2026,2026-10-24T00:00:00,2026-10-25T00:00:00,A,10000,Troyes,https://apiv2.fftt.com/api/files/644404/REGLEMENT TOURNOI NATIONAL A - V2 10.2026 (2).pdf,
3611,Tournoi régional des 50 ans du Club Pongiste de Saint-Priest,2026-10-24T00:00:00,2026-10-24T00:00:00,R,69800,SAINT PRIEST,https://apiv2.fftt.com/api/files/644281/REGLEMENT TOURNOI DES  50 ANS CPSP 24 oct 2026.pdf,
3614,12e tournoi National B du TTI Saint-Laurent-Blangy,2026-10-24T00:00:00,2026-10-25T00:00:00,B,62223,Saint-Laurent-Blangy,https://apiv2.fftt.com/api/files/708838/réglement_tournoi_2026.pdf,
3616,Tournoi SA MERIGNAC TENNIS DE TABLE,2026-10-24T00:00:00,2026-10-25T00:00:00,B,33700,Mérignac,https://apiv2.fftt.com/api/files/666641/Règlement du tournoi SAM TT - 24 et 25 octobre 2026.pdf,
3622,Tournoi National B du STADE LOUPEEN TT,2026-10-24T00:00:00,2026-10-25T00:00:00,B,28240,LA LOUPE,https://apiv2.fftt.com/api/files/645492/Règlement tournoi national La Loupe - 24 et 25 octobre 2026.pdf,
3624,Tournoi national du TT Fronton,2026-10-24T00:00:00,2026-10-25T00:00:00,B,31620,FRONTON,https://apiv2.fftt.com/api/files/646278/Reglement TT Fronton 2026.pdf,
3626,US GRAVIGNY TT,2026-10-24T00:00:00,2026-10-24T00:00:00,B,27930,GRAVIGNY,https://apiv2.fftt.com/api/files/649861/Règlement Tournoi National B US GRAVIGNY TT.pdf,
3627,Tournoi national du TT Seyssinois,2026-10-24T00:00:00,2026-10-25T00:00:00,B,38170,Seyssinet-Pariset,https://apiv2.fftt.com/api/files/657276/Réglement - Lettre JA_V4.pdf,
3640,TOURNOI NATIONAL B - AS CORMELLES TT (14),2026-10-24T00:00:00,2026-10-25T00:00:00,B,14123,Cormelles-le-Royal,https://apiv2.fftt.com/api/files/670380/Règlement&TableauxASCTTNB2026.pdf,
3651,32e Tournoi National d'Alençon,2026-10-24T00:00:00,2026-10-25T00:00:00,B,61000,ALENCON,https://apiv2.fftt.com/api/files/666640/Règlement TNA 26.pdf,
3665,Tournoi Régional LA RICHE 24 et 25 oct 2026,2026-10-24T00:00:00,2026-10-25T00:00:00,R,37520,La Riche,https://apiv2.fftt.com/api/files/702305/Règlement tournoi régional2026versiondéfinitive.pdf,
3554,TOURNOI DRAVEIL TT NATIONAL B,2026-10-24T00:00:00,2026-10-25T00:00:00,B,91210,Draveil,https://apiv2.fftt.com/api/files/602800/Règlement Tournoi Draveil 2026  V2.pdf,
3565,Tournoi Régional Ancenis Tennis de Table,2026-10-24T00:00:00,2026-10-25T00:00:00,R,44150,Ancenis,https://apiv2.fftt.com/api/files/655387/Règlement tournoi du 2026 (1).pdf,
3666,Tournoi du CD 71 - 2026/2027,2026-10-25T00:00:00,2026-10-25T00:00:00,R,71210,Montchanin,https://apiv2.fftt.com/api/files/695346/reglement_tournoi_CD71_2026-2027.pdf,
3597,Tournoi National B US Orléans TT - 1ère édition,2026-10-31T00:00:00,2026-10-31T00:00:00,B,45000,Orléans,https://apiv2.fftt.com/api/files/637859/Règlement tournoi national USO TT.pdf,
3618,3ème Open Thermal de Vittel,2026-10-31T00:00:00,2026-11-01T00:00:00,A,88800,Vittel,https://apiv2.fftt.com/api/files/645170/Reglement 2026 V1.pdf,
3619,TOURNOI NATIONAL B DE LA FLECHE 2026,2026-10-31T00:00:00,2026-11-01T00:00:00,B,72200,La Flèche,https://apiv2.fftt.com/api/files/684990/Reglement Tournoi La Flèche 2026 V03.pdf,
3628,Tournoi National de SQY PING ,2026-10-31T00:00:00,2026-11-01T00:00:00,B,78280,Guyancourt,https://apiv2.fftt.com/api/files/648549/SQY PING - Règlement tournoi national oct-nov 2026.pdf,
3629,14eme TOURNOI REGIONAL DU PPCI,2026-10-31T00:00:00,2026-11-01T00:00:00,R,36100,ISSOUDUN,https://apiv2.fftt.com/api/files/652722/REGLEMENT 14ème tournoi ppci 2026 PDF.pdf,
3636,Tournoi National Andre Perrier (TT St Jeannais),2026-10-31T00:00:00,2026-10-31T00:00:00,B,38440,Saint-Jean-de-Bournay,https://apiv2.fftt.com/api/files/651304/règlement + attestation.pdf,
3638,43ème Tournoi de Miramas,2026-10-31T00:00:00,2026-11-01T00:00:00,B,13140,Miramas,https://apiv2.fftt.com/api/files/650645/Règlement Tournoi Miramas 2026.pdf,
3639,Tournoi International 2026 de Bazeilles,2026-10-31T00:00:00,2026-11-01T00:00:00,B,08140,Bazeilles,https://apiv2.fftt.com/api/files/651802/ReglementTournoiBazeilles-2026-v1.pdf,
3661,37ème Tournoi National B Tennis de Table du CSC Thouars,2026-10-31T00:00:00,2026-11-01T00:00:00,B,79100,Sainte-Verge,https://apiv2.fftt.com/api/files/688837/Règlement 37ème Tournoi CSCT 2026.pdf,
3572,Tournoi National B US Changé Tennis de Table,2026-10-31T00:00:00,2026-11-01T00:00:00,B,53810,Changé,https://apiv2.fftt.com/api/files/616796/Règlement tournoi national Changé.pdf,
3674,1er Tournoi Féminins,2026-11-01T00:00:00,2026-11-01T00:00:00,D,37700,La Ville-aux-Dames,https://apiv2.fftt.com/api/files/708430/REGLEMENT TD - Comité-tournoi féminin.pdf,
3645,OPEN Jeunes 1ère édition - Baisieux TT,2026-11-11T00:00:00,2026-11-11T00:00:00,R,59780,Baisieux,https://apiv2.fftt.com/api/files/669762/Règlement OPEN Jeunes BTT 2026.pdf,
3649,TOURNOI DE L'U S SAINTES TENNIS DE TABLE,2026-11-11T00:00:00,2026-11-11T00:00:00,R,17100,Saintes,https://apiv2.fftt.com/api/files/665320/Reglement tournoi Régional Saintes - 11 novembre 2026.pdf,
3650,TOURNOI NATIONAL 100% FEMININ de Plescop (56),2026-11-11T00:00:00,2026-11-11T00:00:00,B,56890,Plescop,https://apiv2.fftt.com/api/files/662076/REGLEMENT TOURNOI NATIONAL PLESCOP 11 NOVEMBRE 2026 vers DEF.pdf,
3621,TOURNOI NATIONAL B SAINT PIERRE LA COUR 2e EDITION,2026-11-28T00:00:00,2026-11-29T00:00:00,B,53410,Saint Pierre La Cour,https://apiv2.fftt.com/api/files/655590/reglementtournoiV3.pdf,
3655,Tournoi National du CSTT Ferrière-la-grande,2026-11-28T00:00:00,2026-11-29T00:00:00,B,59680,Ferrière-la-Grande,https://apiv2.fftt.com/api/files/699829/Reglement 2026 .docx (1).pdf,
3591,TOURNOI NATIONAL B CLERY ST ANDRE,2026-12-19T00:00:00,2026-12-20T00:00:00,B,45370,CLERY ST ANDRE,https://apiv2.fftt.com/api/files/653569/Règlement 2026-2.pdf,
3625,Les 12H du CP Mioland 2ème édition,2026-12-19T00:00:00,2026-12-19T00:00:00,R,69780,Mions,https://apiv2.fftt.com/api/files/648260/12H DU CP MIOLAND 2EME EDITION.pdf,
3630,Tournoi PPC PARTHENAY,2026-12-19T00:00:00,2026-12-20T00:00:00,B,79200,Parthenay,https://apiv2.fftt.com/api/files/648676/Règlement Tournoi PPCP 26-27 Version 18.07.26.pdf,
3493,TOURNOI de NOEL MIRIBEL TT,2026-12-20T00:00:00,2026-12-20T00:00:00,R,01700,MIRIBEL,https://apiv2.fftt.com/api/files/700422/MTT REGLEMENT TOURNOI DE NOEL MIRIBEL TT 20 12 2026 homologué.pdf,
3595,Tournoi regional de Montrond-les-Bains,2027-01-02T00:00:00,2027-01-02T00:00:00,R,42210,Montrond-les-Bains,https://apiv2.fftt.com/api/files/688376/Tournoi Régional de Montrond-les-Bains 02-01-2027.pdf,
3612,LE MANS SARTHE TT - CREDIT MUTUEL,2027-01-09T00:00:00,2027-01-10T00:00:00,B,72000,Le Mans,https://apiv2.fftt.com/api/files/642122/260717 Reglt Tournoi Le Mans 2027 - vDéf2.pdf,
3642,2 eme Tournoi Régional Saint Germain les Corbeil,2027-01-09T00:00:00,2027-01-10T00:00:00,R,91250,Saint-Germain-lès-Corbeil,https://apiv2.fftt.com/api/files/672694/Réglement Tournoi St germain2027v3.pdf,
3660,Tournoi National B Jeune Garde Tourcoing,2027-01-09T00:00:00,2027-01-10T00:00:00,B,59200,Tourcoing,https://apiv2.fftt.com/api/files/687639/Reglement2027 v2.pdf,
3548,Tournoi régional Janvier 2027 - La Ville aux Dames,2027-01-09T00:00:00,2027-01-09T00:00:00,R,37700,La Ville-aux-Dames,https://apiv2.fftt.com/api/files/597063/REGLEMENT Tournoi Janvier26-27.pdf,
3544,TOURNOI REGIONAL DU CJF TENNIS DE TABLE,2027-01-10T00:00:00,2027-01-10T00:00:00,R,45400,Fleury-les-Aubrais,https://apiv2.fftt.com/api/files/593298/réglement tournoi régional 2027 - 10-01-27.pdf,
